[
{
  "model": "quiz.answer",
  "pk": 1,
  "fields": {
    "text": "Man",
    "question": 1,
    "is_right_answer": false,
    "_order": 0,
    "candidates": []
  }
},
{
  "model": "quiz.answer",
  "pk": 2,
  "fields": {
    "text": "Vrouw",
    "question": 1,
    "is_right_answer": true,
    "_order": 1,
    "candidates": []
  }
},
{
  "model": "quiz.answer",
  "pk": 3,
  "fields": {
    "text": "Geen",
    "question": 2,
    "is_right_answer": true,
    "_order": 0,
    "candidates": []
  }
},
{
  "model": "quiz.answer",
  "pk": 4,
  "fields": {
    "text": "1",
    "question": 2,
    "is_right_answer": false,
    "_order": 1,
    "candidates": []
  }
},
{
  "model": "quiz.answer",
  "pk": 5,
  "fields": {
    "text": "2",
    "question": 2,
    "is_right_answer": false,
    "_order": 2,
    "candidates": []
  }
},
{
  "model": "quiz.answer",
  "pk": 6,
  "fields": {
    "text": "Geen",
    "question": 3,
    "is_right_answer": false,
    "_order": 0,
    "candidates": []
  }
},
{
  "model": "quiz.answer",
  "pk": 7,
  "fields": {
    "text": "Diens eigen verjaardag",
    "question": 3,
    "is_right_answer": false,
    "_order": 1,
    "candidates": []
  }
},
{
  "model": "quiz.answer",
  "pk": 8,
  "fields": {
    "text": "Koningsdag",
    "question": 3,
    "is_right_answer": false,
    "_order": 2,
    "candidates": []
  }
},
{
  "model": "quiz.answer",
  "pk": 9,
  "fields": {
    "text": "Kerst",
    "question": 3,
    "is_right_answer": true,
    "_order": 3,
    "candidates": []
  }
},
{
  "model": "quiz.answer",
  "pk": 10,
  "fields": {
    "text": "Oud en nieuw",
    "question": 3,
    "is_right_answer": false,
    "_order": 4,
    "candidates": []
  }
},
{
  "model": "quiz.answer",
  "pk": 11,
  "fields": {
    "text": "Met de auto",
    "question": 4,
    "is_right_answer": false,
    "_order": 0,
    "candidates": []
  }
},
{
  "model": "quiz.answer",
  "pk": 12,
  "fields": {
    "text": "Met het OV",
    "question": 4,
    "is_right_answer": true,
    "_order": 1,
    "candidates": []
  }
},
{
  "model": "quiz.answer",
  "pk": 13,
  "fields": {
    "text": "Claudia",
    "question": 5,
    "is_right_answer": false,
    "_order": 0,
    "candidates": []
  }
},
{
  "model": "quiz.answer",
  "pk": 14,
  "fields": {
    "text": "Eelco",
    "question": 5,
    "is_right_answer": false,
    "_order": 1,
    "candidates": []
  }
},
{
  "model": "quiz.answer",
  "pk": 15,
  "fields": {
    "text": "Elise",
    "question": 5,
    "is_right_answer": false,
    "_order": 2,
    "candidates": []
  }
},
{
  "model": "quiz.answer",
  "pk": 16,
  "fields": {
    "text": "Gert-Jan",
    "question": 5,
    "is_right_answer": false,
    "_order": 3,
    "candidates": []
  }
},
{
  "model": "quiz.answer",
  "pk": 17,
  "fields": {
    "text": "Iris",
    "question": 5,
    "is_right_answer": false,
    "_order": 4,
    "candidates": []
  }
},
{
  "model": "quiz.answer",
  "pk": 18,
  "fields": {
    "text": "Jari",
    "question": 5,
    "is_right_answer": false,
    "_order": 5,
    "candidates": []
  }
},
{
  "model": "quiz.answer",
  "pk": 19,
  "fields": {
    "text": "Laura",
    "question": 5,
    "is_right_answer": false,
    "_order": 6,
    "candidates": []
  }
},
{
  "model": "quiz.answer",
  "pk": 20,
  "fields": {
    "text": "Lotte",
    "question": 5,
    "is_right_answer": false,
    "_order": 7,
    "candidates": []
  }
},
{
  "model": "quiz.answer",
  "pk": 21,
  "fields": {
    "text": "Myrthe",
    "question": 5,
    "is_right_answer": false,
    "_order": 8,
    "candidates": []
  }
},
{
  "model": "quiz.answer",
  "pk": 22,
  "fields": {
    "text": "Remy",
    "question": 5,
    "is_right_answer": false,
    "_order": 9,
    "candidates": []
  }
},
{
  "model": "quiz.answer",
  "pk": 23,
  "fields": {
    "text": "Robbert",
    "question": 5,
    "is_right_answer": false,
    "_order": 10,
    "candidates": []
  }
},
{
  "model": "quiz.answer",
  "pk": 24,
  "fields": {
    "text": "Tom",
    "question": 5,
    "is_right_answer": true,
    "_order": 11,
    "candidates": []
  }
},
{
  "model": "quiz.answer",
  "pk": 25,
  "fields": {
    "text": "Geef je vader een knuffel.",
    "question": 6,
    "is_right_answer": false,
    "_order": 0,
    "candidates": []
  }
},
{
  "model": "quiz.answer",
  "pk": 26,
  "fields": {
    "text": "Trek je wat minder aan van anderen.",
    "question": 6,
    "is_right_answer": false,
    "_order": 1,
    "candidates": []
  }
},
{
  "model": "quiz.answer",
  "pk": 27,
  "fields": {
    "text": "Luister meer naar je eigen gevoel in plaats van naar wat anderen",
    "question": 6,
    "is_right_answer": false,
    "_order": 2,
    "candidates": []
  }
},
{
  "model": "quiz.answer",
  "pk": 28,
  "fields": {
    "text": "Stel niet alles tot het laatste moment uit.",
    "question": 6,
    "is_right_answer": false,
    "_order": 3,
    "candidates": []
  }
},
{
  "model": "quiz.answer",
  "pk": 29,
  "fields": {
    "text": "Altijd doorgaan.",
    "question": 6,
    "is_right_answer": false,
    "_order": 4,
    "candidates": []
  }
},
{
  "model": "quiz.answer",
  "pk": 30,
  "fields": {
    "text": "Probeer ook eens buiten de lijntjes te kleuren",
    "question": 6,
    "is_right_answer": true,
    "_order": 5,
    "candidates": []
  }
},
{
  "model": "quiz.answer",
  "pk": 31,
  "fields": {
    "text": "Ga als je groot bent op groepsreis!",
    "question": 6,
    "is_right_answer": false,
    "_order": 6,
    "candidates": []
  }
},
{
  "model": "quiz.answer",
  "pk": 32,
  "fields": {
    "text": "Trek minder aan van de mening van anderen, het is oké om anders",
    "question": 6,
    "is_right_answer": false,
    "_order": 7,
    "candidates": []
  }
},
{
  "model": "quiz.answer",
  "pk": 33,
  "fields": {
    "text": "Sneakers",
    "question": 7,
    "is_right_answer": false,
    "_order": 0,
    "candidates": []
  }
},
{
  "model": "quiz.answer",
  "pk": 34,
  "fields": {
    "text": "Wandel-/bergschoenen",
    "question": 7,
    "is_right_answer": true,
    "_order": 1,
    "candidates": []
  }
},
{
  "model": "quiz.answer",
  "pk": 35,
  "fields": {
    "text": "Lederen schoenen",
    "question": 7,
    "is_right_answer": false,
    "_order": 2,
    "candidates": []
  }
},
{
  "model": "quiz.answer",
  "pk": 36,
  "fields": {
    "text": "Pantoffels",
    "question": 7,
    "is_right_answer": false,
    "_order": 3,
    "candidates": []
  }
},
{
  "model": "quiz.answer",
  "pk": 37,
  "fields": {
    "text": "Hakken",
    "question": 7,
    "is_right_answer": false,
    "_order": 4,
    "candidates": []
  }
},
{
  "model": "quiz.answer",
  "pk": 38,
  "fields": {
    "text": "Geen schoenen, alleen sokken",
    "question": 7,
    "is_right_answer": false,
    "_order": 5,
    "candidates": []
  }
},
{
  "model": "quiz.answer",
  "pk": 39,
  "fields": {
    "text": "Fiets",
    "question": 8,
    "is_right_answer": true,
    "_order": 0,
    "candidates": []
  }
},
{
  "model": "quiz.answer",
  "pk": 40,
  "fields": {
    "text": "Auto",
    "question": 8,
    "is_right_answer": false,
    "_order": 1,
    "candidates": []
  }
},
{
  "model": "quiz.answer",
  "pk": 41,
  "fields": {
    "text": "Trein",
    "question": 8,
    "is_right_answer": false,
    "_order": 2,
    "candidates": []
  }
},
{
  "model": "quiz.answer",
  "pk": 42,
  "fields": {
    "text": "Ja",
    "question": 9,
    "is_right_answer": false,
    "_order": 0,
    "candidates": []
  }
},
{
  "model": "quiz.answer",
  "pk": 43,
  "fields": {
    "text": "Nee",
    "question": 9,
    "is_right_answer": true,
    "_order": 1,
    "candidates": []
  }
},
{
  "model": "quiz.answer",
  "pk": 44,
  "fields": {
    "text": "Karen",
    "question": 10,
    "is_right_answer": false,
    "_order": 0,
    "candidates": []
  }
},
{
  "model": "quiz.answer",
  "pk": 45,
  "fields": {
    "text": "Gilles de Coster",
    "question": 10,
    "is_right_answer": false,
    "_order": 1,
    "candidates": []
  }
},
{
  "model": "quiz.answer",
  "pk": 46,
  "fields": {
    "text": "Kees Tol",
    "question": 10,
    "is_right_answer": false,
    "_order": 2,
    "candidates": []
  }
},
{
  "model": "quiz.answer",
  "pk": 47,
  "fields": {
    "text": "Harry en John",
    "question": 10,
    "is_right_answer": false,
    "_order": 3,
    "candidates": []
  }
},
{
  "model": "quiz.answer",
  "pk": 48,
  "fields": {
    "text": "Georgina Verbaan",
    "question": 10,
    "is_right_answer": false,
    "_order": 4,
    "candidates": []
  }
},
{
  "model": "quiz.answer",
  "pk": 49,
  "fields": {
    "text": "Marc-Marie Huijbregts",
    "question": 10,
    "is_right_answer": false,
    "_order": 5,
    "candidates": []
  }
},
{
  "model": "quiz.answer",
  "pk": 50,
  "fields": {
    "text": "Fresia Cousiño Arias, Rik van de Westelaken",
    "question": 10,
    "is_right_answer": false,
    "_order": 6,
    "candidates": []
  }
},
{
  "model": "quiz.answer",
  "pk": 51,
  "fields": {
    "text": "Ellie Lust",
    "question": 10,
    "is_right_answer": false,
    "_order": 7,
    "candidates": []
  }
},
{
  "model": "quiz.answer",
  "pk": 52,
  "fields": {
    "text": "Bouba",
    "question": 10,
    "is_right_answer": false,
    "_order": 8,
    "candidates": []
  }
},
{
  "model": "quiz.answer",
  "pk": 53,
  "fields": {
    "text": "Jan Versteegh",
    "question": 10,
    "is_right_answer": false,
    "_order": 9,
    "candidates": []
  }
},
{
  "model": "quiz.answer",
  "pk": 54,
  "fields": {
    "text": "Dick Jol",
    "question": 10,
    "is_right_answer": false,
    "_order": 10,
    "candidates": []
  }
},
{
  "model": "quiz.answer",
  "pk": 55,
  "fields": {
    "text": "Karin de Groot",
    "question": 10,
    "is_right_answer": false,
    "_order": 11,
    "candidates": []
  }
},
{
  "model": "quiz.answer",
  "pk": 56,
  "fields": {
    "text": "Pieter",
    "question": 10,
    "is_right_answer": false,
    "_order": 12,
    "candidates": []
  }
},
{
  "model": "quiz.answer",
  "pk": 57,
  "fields": {
    "text": "Renée Fokker",
    "question": 10,
    "is_right_answer": false,
    "_order": 13,
    "candidates": []
  }
},
{
  "model": "quiz.answer",
  "pk": 58,
  "fields": {
    "text": "Sam, Davy",
    "question": 10,
    "is_right_answer": true,
    "_order": 14,
    "candidates": []
  }
},
{
  "model": "quiz.answer",
  "pk": 59,
  "fields": {
    "text": "Ja",
    "question": 11,
    "is_right_answer": false,
    "_order": 0,
    "candidates": []
  }
},
{
  "model": "quiz.answer",
  "pk": 60,
  "fields": {
    "text": "Nee",
    "question": 11,
    "is_right_answer": true,
    "_order": 1,
    "candidates": []
  }
},
{
  "model": "quiz.answer",
  "pk": 61,
  "fields": {
    "text": "Éénpersoons, losstaand bed",
    "question": 12,
    "is_right_answer": false,
    "_order": 0,
    "candidates": []
  }
},
{
  "model": "quiz.answer",
  "pk": 62,
  "fields": {
    "text": "Éénpersoonsbed, tegen een ander bed aan",
    "question": 12,
    "is_right_answer": true,
    "_order": 1,
    "candidates": []
  }
},
{
  "model": "quiz.answer",
  "pk": 63,
  "fields": {
    "text": "Tweepersoons bed",
    "question": 12,
    "is_right_answer": false,
    "_order": 2,
    "candidates": []
  }
},
{
  "model": "quiz.answer",
  "pk": 64,
  "fields": {
    "text": "5",
    "question": 13,
    "is_right_answer": false,
    "_order": 0,
    "candidates": []
  }
},
{
  "model": "quiz.answer",
  "pk": 65,
  "fields": {
    "text": "6",
    "question": 13,
    "is_right_answer": true,
    "_order": 1,
    "candidates": []
  }
},
{
  "model": "quiz.answer",
  "pk": 66,
  "fields": {
    "text": "7",
    "question": 13,
    "is_right_answer": false,
    "_order": 2,
    "candidates": []
  }
},
{
  "model": "quiz.answer",
  "pk": 67,
  "fields": {
    "text": "8",
    "question": 13,
    "is_right_answer": false,
    "_order": 3,
    "candidates": []
  }
},
{
  "model": "quiz.answer",
  "pk": 68,
  "fields": {
    "text": "Met de rug naar de accommodatie",
    "question": 14,
    "is_right_answer": false,
    "_order": 0,
    "candidates": []
  }
},
{
  "model": "quiz.answer",
  "pk": 69,
  "fields": {
    "text": "Met de rug naar de buitenmuur",
    "question": 14,
    "is_right_answer": true,
    "_order": 1,
    "candidates": []
  }
},
{
  "model": "quiz.answer",
  "pk": 70,
  "fields": {
    "text": "Claudia",
    "question": 15,
    "is_right_answer": true,
    "_order": 0,
    "candidates": []
  }
},
{
  "model": "quiz.answer",
  "pk": 71,
  "fields": {
    "text": "Eelco",
    "question": 15,
    "is_right_answer": false,
    "_order": 1,
    "candidates": []
  }
},
{
  "model": "quiz.answer",
  "pk": 72,
  "fields": {
    "text": "Elise",
    "question": 15,
    "is_right_answer": false,
    "_order": 2,
    "candidates": []
  }
},
{
  "model": "quiz.answer",
  "pk": 73,
  "fields": {
    "text": "Gert-Jan",
    "question": 15,
    "is_right_answer": false,
    "_order": 3,
    "candidates": []
  }
},
{
  "model": "quiz.answer",
  "pk": 74,
  "fields": {
    "text": "Iris",
    "question": 15,
    "is_right_answer": false,
    "_order": 4,
    "candidates": []
  }
},
{
  "model": "quiz.answer",
  "pk": 75,
  "fields": {
    "text": "Jari",
    "question": 15,
    "is_right_answer": false,
    "_order": 5,
    "candidates": []
  }
},
{
  "model": "quiz.answer",
  "pk": 76,
  "fields": {
    "text": "Lara",
    "question": 15,
    "is_right_answer": false,
    "_order": 6,
    "candidates": []
  }
},
{
  "model": "quiz.answer",
  "pk": 77,
  "fields": {
    "text": "Lotte",
    "question": 15,
    "is_right_answer": false,
    "_order": 7,
    "candidates": []
  }
},
{
  "model": "quiz.answer",
  "pk": 78,
  "fields": {
    "text": "Myrthe",
    "question": 15,
    "is_right_answer": false,
    "_order": 8,
    "candidates": []
  }
},
{
  "model": "quiz.answer",
  "pk": 79,
  "fields": {
    "text": "Remy",
    "question": 15,
    "is_right_answer": false,
    "_order": 9,
    "candidates": []
  }
},
{
  "model": "quiz.answer",
  "pk": 80,
  "fields": {
    "text": "Robbert",
    "question": 15,
    "is_right_answer": false,
    "_order": 10,
    "candidates": []
  }
},
{
  "model": "quiz.answer",
  "pk": 81,
  "fields": {
    "text": "Tom",
    "question": 15,
    "is_right_answer": false,
    "_order": 11,
    "candidates": []
  }
},
{
  "model": "quiz.answer",
  "pk": 83,
  "fields": {
    "text": "Man",
    "question": 16,
    "is_right_answer": false,
    "_order": 1,
    "candidates": []
  }
},
{
  "model": "quiz.answer",
  "pk": 84,
  "fields": {
    "text": "Vrouw",
    "question": 16,
    "is_right_answer": true,
    "_order": 2,
    "candidates": []
  }
},
{
  "model": "quiz.answer",
  "pk": 85,
  "fields": {
    "text": "Nee",
    "question": 17,
    "is_right_answer": false,
    "_order": 0,
    "candidates": []
  }
},
{
  "model": "quiz.answer",
  "pk": 86,
  "fields": {
    "text": "De Krtek is vegetariër",
    "question": 17,
    "is_right_answer": true,
    "_order": 1,
    "candidates": []
  }
},
{
  "model": "quiz.answer",
  "pk": 87,
  "fields": {
    "text": "De Krtek is flexitariër",
    "question": 17,
    "is_right_answer": false,
    "_order": 2,
    "candidates": []
  }
},
{
  "model": "quiz.answer",
  "pk": 88,
  "fields": {
    "text": "De Krtek heeft een allergie",
    "question": 17,
    "is_right_answer": false,
    "_order": 3,
    "candidates": []
  }
},
{
  "model": "quiz.answer",
  "pk": 89,
  "fields": {
    "text": "De Krtek heeft een intolerantie",
    "question": 17,
    "is_right_answer": false,
    "_order": 4,
    "candidates": []
  }
},
{
  "model": "quiz.answer",
  "pk": 90,
  "fields": {
    "text": "De Krtek eet geen rundvlees",
    "question": 17,
    "is_right_answer": false,
    "_order": 5,
    "candidates": []
  }
},
{
  "model": "quiz.answer",
  "pk": 91,
  "fields": {
    "text": "De Krtek eet geen waterdieren",
    "question": 17,
    "is_right_answer": false,
    "_order": 6,
    "candidates": []
  }
},
{
  "model": "quiz.answer",
  "pk": 92,
  "fields": {
    "text": "Amy, Karel en Floyd",
    "question": 18,
    "is_right_answer": false,
    "_order": 0,
    "candidates": []
  }
},
{
  "model": "quiz.answer",
  "pk": 93,
  "fields": {
    "text": "Flip en Majoor",
    "question": 18,
    "is_right_answer": false,
    "_order": 1,
    "candidates": []
  }
},
{
  "model": "quiz.answer",
  "pk": 94,
  "fields": {
    "text": "Benji",
    "question": 18,
    "is_right_answer": false,
    "_order": 2,
    "candidates": []
  }
},
{
  "model": "quiz.answer",
  "pk": 95,
  "fields": {
    "text": "Sini",
    "question": 18,
    "is_right_answer": false,
    "_order": 3,
    "candidates": []
  }
},
{
  "model": "quiz.answer",
  "pk": 96,
  "fields": {
    "text": "De huisdieren van de Krtek hebben geen naam",
    "question": 18,
    "is_right_answer": false,
    "_order": 4,
    "candidates": []
  }
},
{
  "model": "quiz.answer",
  "pk": 97,
  "fields": {
    "text": "De Krtek heeft geen huisdieren",
    "question": 18,
    "is_right_answer": true,
    "_order": 5,
    "candidates": []
  }
},
{
  "model": "quiz.answer",
  "pk": 98,
  "fields": {
    "text": "Koffie",
    "question": 19,
    "is_right_answer": false,
    "_order": 0,
    "candidates": []
  }
},
{
  "model": "quiz.answer",
  "pk": 99,
  "fields": {
    "text": "Thee",
    "question": 19,
    "is_right_answer": false,
    "_order": 1,
    "candidates": []
  }
},
{
  "model": "quiz.answer",
  "pk": 100,
  "fields": {
    "text": "Water",
    "question": 19,
    "is_right_answer": true,
    "_order": 2,
    "candidates": []
  }
},
{
  "model": "quiz.answer",
  "pk": 101,
  "fields": {
    "text": "Melk",
    "question": 19,
    "is_right_answer": false,
    "_order": 3,
    "candidates": []
  }
},
{
  "model": "quiz.answer",
  "pk": 102,
  "fields": {
    "text": "Sap",
    "question": 19,
    "is_right_answer": false,
    "_order": 4,
    "candidates": []
  }
},
{
  "model": "quiz.answer",
  "pk": 103,
  "fields": {
    "text": "Niks",
    "question": 19,
    "is_right_answer": false,
    "_order": 5,
    "candidates": []
  }
},
{
  "model": "quiz.answer",
  "pk": 104,
  "fields": {
    "text": "Denemarken",
    "question": 20,
    "is_right_answer": false,
    "_order": 0,
    "candidates": []
  }
},
{
  "model": "quiz.answer",
  "pk": 105,
  "fields": {
    "text": "Drenthe",
    "question": 20,
    "is_right_answer": false,
    "_order": 1,
    "candidates": []
  }
},
{
  "model": "quiz.answer",
  "pk": 106,
  "fields": {
    "text": "Mallorca",
    "question": 20,
    "is_right_answer": false,
    "_order": 2,
    "candidates": []
  }
},
{
  "model": "quiz.answer",
  "pk": 107,
  "fields": {
    "text": "Marokko",
    "question": 20,
    "is_right_answer": false,
    "_order": 3,
    "candidates": []
  }
},
{
  "model": "quiz.answer",
  "pk": 108,
  "fields": {
    "text": "Oostenrijk",
    "question": 20,
    "is_right_answer": false,
    "_order": 4,
    "candidates": []
  }
},
{
  "model": "quiz.answer",
  "pk": 109,
  "fields": {
    "text": "Turkije",
    "question": 20,
    "is_right_answer": false,
    "_order": 5,
    "candidates": []
  }
},
{
  "model": "quiz.answer",
  "pk": 110,
  "fields": {
    "text": "Zweden",
    "question": 20,
    "is_right_answer": true,
    "_order": 6,
    "candidates": []
  }
},
{
  "model": "quiz.answer",
  "pk": 111,
  "fields": {
    "text": "Het eerste groepje",
    "question": 21,
    "is_right_answer": true,
    "_order": 0,
    "candidates": []
  }
},
{
  "model": "quiz.answer",
  "pk": 112,
  "fields": {
    "text": "Het tweede groepje",
    "question": 21,
    "is_right_answer": false,
    "_order": 1,
    "candidates": []
  }
},
{
  "model": "quiz.answer",
  "pk": 113,
  "fields": {
    "text": "Het derde groepje",
    "question": 21,
    "is_right_answer": false,
    "_order": 2,
    "candidates": []
  }
},
{
  "model": "quiz.answer",
  "pk": 114,
  "fields": {
    "text": "Het vierde groepje",
    "question": 21,
    "is_right_answer": false,
    "_order": 3,
    "candidates": []
  }
},
{
  "model": "quiz.answer",
  "pk": 115,
  "fields": {
    "text": "Het vijfde groepje",
    "question": 21,
    "is_right_answer": false,
    "_order": 4,
    "candidates": []
  }
},
{
  "model": "quiz.answer",
  "pk": 116,
  "fields": {
    "text": "Nee",
    "question": 22,
    "is_right_answer": false,
    "_order": 0,
    "candidates": []
  }
},
{
  "model": "quiz.answer",
  "pk": 117,
  "fields": {
    "text": "Het universum",
    "question": 22,
    "is_right_answer": true,
    "_order": 1,
    "candidates": []
  }
},
{
  "model": "quiz.answer",
  "pk": 118,
  "fields": {
    "text": "Toeval",
    "question": 22,
    "is_right_answer": false,
    "_order": 2,
    "candidates": []
  }
},
{
  "model": "quiz.answer",
  "pk": 119,
  "fields": {
    "text": "De Krtek is hindoeïstisch",
    "question": 22,
    "is_right_answer": false,
    "_order": 3,
    "candidates": []
  }
},
{
  "model": "quiz.answer",
  "pk": 120,
  "fields": {
    "text": "Ja",
    "question": 23,
    "is_right_answer": true,
    "_order": 0,
    "candidates": []
  }
},
{
  "model": "quiz.answer",
  "pk": 121,
  "fields": {
    "text": "Nee",
    "question": 23,
    "is_right_answer": false,
    "_order": 1,
    "candidates": []
  }
},
{
  "model": "quiz.answer",
  "pk": 122,
  "fields": {
    "text": "Tussen 0:00 en 0:59 uur",
    "question": 24,
    "is_right_answer": false,
    "_order": 0,
    "candidates": []
  }
},
{
  "model": "quiz.answer",
  "pk": 123,
  "fields": {
    "text": "Tussen 1:00 en 1:59 uur",
    "question": 24,
    "is_right_answer": true,
    "_order": 1,
    "candidates": []
  }
},
{
  "model": "quiz.answer",
  "pk": 124,
  "fields": {
    "text": "Tussen 2:00 en 2:59 uur",
    "question": 24,
    "is_right_answer": false,
    "_order": 2,
    "candidates": []
  }
},
{
  "model": "quiz.answer",
  "pk": 125,
  "fields": {
    "text": "Na 3:00",
    "question": 24,
    "is_right_answer": false,
    "_order": 3,
    "candidates": []
  }
},
{
  "model": "quiz.answer",
  "pk": 126,
  "fields": {
    "text": "1",
    "question": 25,
    "is_right_answer": false,
    "_order": 0,
    "candidates": []
  }
},
{
  "model": "quiz.answer",
  "pk": 127,
  "fields": {
    "text": "2",
    "question": 25,
    "is_right_answer": false,
    "_order": 1,
    "candidates": []
  }
},
{
  "model": "quiz.answer",
  "pk": 128,
  "fields": {
    "text": "3",
    "question": 25,
    "is_right_answer": false,
    "_order": 2,
    "candidates": []
  }
},
{
  "model": "quiz.answer",
  "pk": 129,
  "fields": {
    "text": "Geen",
    "question": 25,
    "is_right_answer": true,
    "_order": 3,
    "candidates": []
  }
},
{
  "model": "quiz.answer",
  "pk": 130,
  "fields": {
    "text": "Digimon",
    "question": 26,
    "is_right_answer": true,
    "_order": 0,
    "candidates": []
  }
},
{
  "model": "quiz.answer",
  "pk": 131,
  "fields": {
    "text": "Floris",
    "question": 26,
    "is_right_answer": false,
    "_order": 1,
    "candidates": []
  }
},
{
  "model": "quiz.answer",
  "pk": 132,
  "fields": {
    "text": "Het huis Anubis",
    "question": 26,
    "is_right_answer": false,
    "_order": 2,
    "candidates": []
  }
},
{
  "model": "quiz.answer",
  "pk": 133,
  "fields": {
    "text": "Sesamstraat",
    "question": 26,
    "is_right_answer": false,
    "_order": 3,
    "candidates": []
  }
},
{
  "model": "quiz.answer",
  "pk": 134,
  "fields": {
    "text": "Spongebob Squarepants",
    "question": 26,
    "is_right_answer": false,
    "_order": 4,
    "candidates": []
  }
},
{
  "model": "quiz.answer",
  "pk": 135,
  "fields": {
    "text": "Teletubbies",
    "question": 26,
    "is_right_answer": false,
    "_order": 5,
    "candidates": []
  }
},
{
  "model": "quiz.answer",
  "pk": 136,
  "fields": {
    "text": "In koffer(s)",
    "question": 27,
    "is_right_answer": true,
    "_order": 0,
    "candidates": []
  }
},
{
  "model": "quiz.answer",
  "pk": 137,
  "fields": {
    "text": "In losse tas(sen)",
    "question": 27,
    "is_right_answer": false,
    "_order": 1,
    "candidates": []
  }
},
{
  "model": "quiz.answer",
  "pk": 138,
  "fields": {
    "text": "In een rugzak",
    "question": 27,
    "is_right_answer": false,
    "_order": 2,
    "candidates": []
  }
},
{
  "model": "quiz.answer",
  "pk": 139,
  "fields": {
    "text": "Een vork die door een metalen pan krast",
    "question": 28,
    "is_right_answer": false,
    "_order": 0,
    "candidates": []
  }
},
{
  "model": "quiz.answer",
  "pk": 140,
  "fields": {
    "text": "Smakkende mensen",
    "question": 28,
    "is_right_answer": false,
    "_order": 1,
    "candidates": []
  }
},
{
  "model": "quiz.answer",
  "pk": 141,
  "fields": {
    "text": "Een vork die over een bord schraapt",
    "question": 28,
    "is_right_answer": false,
    "_order": 2,
    "candidates": []
  }
},
{
  "model": "quiz.answer",
  "pk": 142,
  "fields": {
    "text": "Schuren met schuurpapier",
    "question": 28,
    "is_right_answer": false,
    "_order": 3,
    "candidates": []
  }
},
{
  "model": "quiz.answer",
  "pk": 143,
  "fields": {
    "text": "Nagels op een krijtbord",
    "question": 28,
    "is_right_answer": false,
    "_order": 4,
    "candidates": []
  }
},
{
  "model": "quiz.answer",
  "pk": 144,
  "fields": {
    "text": "Servies dat tegen elkaar klettert",
    "question": 28,
    "is_right_answer": false,
    "_order": 5,
    "candidates": []
  }
},
{
  "model": "quiz.answer",
  "pk": 145,
  "fields": {
    "text": "Het geroekoe van een duif",
    "question": 28,
    "is_right_answer": true,
    "_order": 6,
    "candidates": []
  }
},
{
  "model": "quiz.answer",
  "pk": 146,
  "fields": {
    "text": "Piepschuim",
    "question": 28,
    "is_right_answer": false,
    "_order": 7,
    "candidates": []
  }
},
{
  "model": "quiz.answer",
  "pk": 147,
  "fields": {
    "text": "Ja",
    "question": 29,
    "is_right_answer": false,
    "_order": 0,
    "candidates": []
  }
},
{
  "model": "quiz.answer",
  "pk": 148,
  "fields": {
    "text": "Nee",
    "question": 29,
    "is_right_answer": true,
    "_order": 1,
    "candidates": []
  }
},
{
  "model": "quiz.answer",
  "pk": 149,
  "fields": {
    "text": "Claudia",
    "question": 30,
    "is_right_answer": true,
    "_order": 0,
    "candidates": []
  }
},
{
  "model": "quiz.answer",
  "pk": 150,
  "fields": {
    "text": "Eelco",
    "question": 30,
    "is_right_answer": false,
    "_order": 1,
    "candidates": []
  }
},
{
  "model": "quiz.answer",
  "pk": 151,
  "fields": {
    "text": "Elise",
    "question": 30,
    "is_right_answer": false,
    "_order": 2,
    "candidates": []
  }
},
{
  "model": "quiz.answer",
  "pk": 152,
  "fields": {
    "text": "Gert-Jan",
    "question": 30,
    "is_right_answer": false,
    "_order": 3,
    "candidates": []
  }
},
{
  "model": "quiz.answer",
  "pk": 153,
  "fields": {
    "text": "Iris",
    "question": 30,
    "is_right_answer": false,
    "_order": 4,
    "candidates": []
  }
},
{
  "model": "quiz.answer",
  "pk": 154,
  "fields": {
    "text": "Jari",
    "question": 30,
    "is_right_answer": false,
    "_order": 5,
    "candidates": []
  }
},
{
  "model": "quiz.answer",
  "pk": 155,
  "fields": {
    "text": "Lara",
    "question": 30,
    "is_right_answer": false,
    "_order": 6,
    "candidates": []
  }
},
{
  "model": "quiz.answer",
  "pk": 156,
  "fields": {
    "text": "Lotte",
    "question": 30,
    "is_right_answer": false,
    "_order": 7,
    "candidates": []
  }
},
{
  "model": "quiz.answer",
  "pk": 157,
  "fields": {
    "text": "Myrthe",
    "question": 30,
    "is_right_answer": false,
    "_order": 8,
    "candidates": []
  }
},
{
  "model": "quiz.answer",
  "pk": 158,
  "fields": {
    "text": "Remy",
    "question": 30,
    "is_right_answer": false,
    "_order": 9,
    "candidates": []
  }
},
{
  "model": "quiz.answer",
  "pk": 159,
  "fields": {
    "text": "Robbert",
    "question": 30,
    "is_right_answer": false,
    "_order": 10,
    "candidates": []
  }
},
{
  "model": "quiz.answer",
  "pk": 160,
  "fields": {
    "text": "Tom",
    "question": 30,
    "is_right_answer": false,
    "_order": 11,
    "candidates": []
  }
},
{
  "model": "quiz.question",
  "pk": 1,
  "fields": {
    "question": "Is de Krtek een man of een vrouw",
    "quiz": 1,
    "enabled": true,
    "_order": 0
  }
},
{
  "model": "quiz.question",
  "pk": 2,
  "fields": {
    "question": "Hoeveel broers heeft de Krtek?",
    "quiz": 1,
    "enabled": true,
    "_order": 1
  }
},
{
  "model": "quiz.question",
  "pk": 3,
  "fields": {
    "question": "Wat is de lievelingsfeestdag van de Krtek?",
    "quiz": 1,
    "enabled": true,
    "_order": 2
  }
},
{
  "model": "quiz.question",
  "pk": 4,
  "fields": {
    "question": "Hoe kwam de Krtek naar Kesteren vandaag?",
    "quiz": 1,
    "enabled": true,
    "_order": 3
  }
},
{
  "model": "quiz.question",
  "pk": 5,
  "fields": {
    "question": "Met wie keek de Krtek de video bij binnenkomst?",
    "quiz": 1,
    "enabled": true,
    "_order": 4
  }
},
{
  "model": "quiz.question",
  "pk": 6,
  "fields": {
    "question": "Welk advies zou de Krtek zichzelf als kind geven?",
    "quiz": 1,
    "enabled": true,
    "_order": 5
  }
},
{
  "model": "quiz.question",
  "pk": 7,
  "fields": {
    "question": "Wat voor soort schoenen droeg de Krtek bij het diner?",
    "quiz": 1,
    "enabled": true,
    "_order": 6
  }
},
{
  "model": "quiz.question",
  "pk": 8,
  "fields": {
    "question": "Met welk vervoersmiddel reist de Krtek het liefste?",
    "quiz": 1,
    "enabled": true,
    "_order": 7
  }
},
{
  "model": "quiz.question",
  "pk": 9,
  "fields": {
    "question": "Heeft de Krtek een eigen auto?",
    "quiz": 1,
    "enabled": true,
    "_order": 8
  }
},
{
  "model": "quiz.question",
  "pk": 10,
  "fields": {
    "question": "Van wie is de quote die de Krtek gepakt heeft",
    "quiz": 1,
    "enabled": true,
    "_order": 9
  }
},
{
  "model": "quiz.question",
  "pk": 11,
  "fields": {
    "question": "Zou de Krtek molboekjes, jokers, vrijstellingen of topito’s uit iemands rugzak stelen om te kunnen winnen?",
    "quiz": 1,
    "enabled": true,
    "_order": 10
  }
},
{
  "model": "quiz.question",
  "pk": 12,
  "fields": {
    "question": "In wat voor bed slaapt de Krtek dit weekend?",
    "quiz": 1,
    "enabled": true,
    "_order": 11
  }
},
{
  "model": "quiz.question",
  "pk": 13,
  "fields": {
    "question": "Hoeveel jaar heeft de Krtek gedaan over de middelbare school?",
    "quiz": 1,
    "enabled": true,
    "_order": 12
  }
},
{
  "model": "quiz.question",
  "pk": 14,
  "fields": {
    "question": "Waar zat de Krtek aan tafel bij het diner?",
    "quiz": 1,
    "enabled": true,
    "_order": 13
  }
},
{
  "model": "quiz.question",
  "pk": 15,
  "fields": {
    "question": "Wie is de Krtek",
    "quiz": 1,
    "enabled": true,
    "_order": 14
  }
},
{
  "model": "quiz.question",
  "pk": 16,
  "fields": {
    "question": "Is de Krtek een man of een vrouw?",
    "quiz": 2,
    "enabled": true,
    "_order": 0
  }
},
{
  "model": "quiz.question",
  "pk": 17,
  "fields": {
    "question": "Heeft de Krtek dieetwensen of allergieën?",
    "quiz": 2,
    "enabled": true,
    "_order": 1
  }
},
{
  "model": "quiz.question",
  "pk": 18,
  "fields": {
    "question": "Hoe heet het huisdier/de huisdieren van de Krtek?",
    "quiz": 2,
    "enabled": true,
    "_order": 2
  }
},
{
  "model": "quiz.question",
  "pk": 19,
  "fields": {
    "question": "Wat dronk de Krtek deze ochtend bij het ontbijt?",
    "quiz": 2,
    "enabled": true,
    "_order": 3
  }
},
{
  "model": "quiz.question",
  "pk": 20,
  "fields": {
    "question": "Waar ging de eerste vakantie die de Krtek zich nog herinnert heen?",
    "quiz": 2,
    "enabled": true,
    "_order": 4
  }
},
{
  "model": "quiz.question",
  "pk": 21,
  "fields": {
    "question": "Met welk groepje ging de Krtek als eerste het Douanespel in?",
    "quiz": 2,
    "enabled": true,
    "_order": 5
  }
},
{
  "model": "quiz.question",
  "pk": 22,
  "fields": {
    "question": "Gelooft de Krtek ergens in?",
    "quiz": 2,
    "enabled": true,
    "_order": 6
  }
},
{
  "model": "quiz.question",
  "pk": 23,
  "fields": {
    "question": "At de Krtek op vrijdagavond heksenkaas tijdens het diner?",
    "quiz": 2,
    "enabled": true,
    "_order": 7
  }
},
{
  "model": "quiz.question",
  "pk": 24,
  "fields": {
    "question": "Hoe laat ging de Krtek gisteravond naar bed?",
    "quiz": 2,
    "enabled": true,
    "_order": 8
  }
},
{
  "model": "quiz.question",
  "pk": 25,
  "fields": {
    "question": "Hoeveel batterijen heeft de krtek naar het bord gebracht bij het douanespel?",
    "quiz": 2,
    "enabled": true,
    "_order": 9
  }
},
{
  "model": "quiz.question",
  "pk": 26,
  "fields": {
    "question": "Wat keek de Krtek als kind graag op TV?",
    "quiz": 2,
    "enabled": true,
    "_order": 10
  }
},
{
  "model": "quiz.question",
  "pk": 27,
  "fields": {
    "question": "Waarin zat op de heenreis de bagage van de Krtek (voornamelijk)?",
    "quiz": 2,
    "enabled": true,
    "_order": 11
  }
},
{
  "model": "quiz.question",
  "pk": 28,
  "fields": {
    "question": "Van welk geluid gaan de haren van de Krtek overeind staan?",
    "quiz": 2,
    "enabled": true,
    "_order": 12
  }
},
{
  "model": "quiz.question",
  "pk": 29,
  "fields": {
    "question": "Wilde de Krtek penningmeester worden?",
    "quiz": 2,
    "enabled": true,
    "_order": 13
  }
},
{
  "model": "quiz.question",
  "pk": 30,
  "fields": {
    "question": "Wie is de Krtek?",
    "quiz": 2,
    "enabled": true,
    "_order": 14
  }
},
{
  "model": "quiz.candidate",
  "pk": 1,
  "fields": {
    "season": 1,
    "name": "Claudia"
  }
},
{
  "model": "quiz.candidate",
  "pk": 2,
  "fields": {
    "season": 1,
    "name": "Eelco"
  }
},
{
  "model": "quiz.candidate",
  "pk": 3,
  "fields": {
    "season": 1,
    "name": "Elise"
  }
},
{
  "model": "quiz.candidate",
  "pk": 4,
  "fields": {
    "season": 1,
    "name": "Gert-Jan"
  }
},
{
  "model": "quiz.candidate",
  "pk": 5,
  "fields": {
    "season": 1,
    "name": "Iris"
  }
},
{
  "model": "quiz.candidate",
  "pk": 6,
  "fields": {
    "season": 1,
    "name": "Jari"
  }
},
{
  "model": "quiz.candidate",
  "pk": 7,
  "fields": {
    "season": 1,
    "name": "Lara"
  }
},
{
  "model": "quiz.candidate",
  "pk": 8,
  "fields": {
    "season": 1,
    "name": "Lotte"
  }
},
{
  "model": "quiz.candidate",
  "pk": 9,
  "fields": {
    "season": 1,
    "name": "Myrthe"
  }
},
{
  "model": "quiz.candidate",
  "pk": 10,
  "fields": {
    "season": 1,
    "name": "Remy"
  }
},
{
  "model": "quiz.candidate",
  "pk": 11,
  "fields": {
    "season": 1,
    "name": "Robbert"
  }
},
{
  "model": "quiz.candidate",
  "pk": 12,
  "fields": {
    "season": 1,
    "name": "Tom"
  }
},
{
  "model": "quiz.candidate",
  "pk": 14,
  "fields": {
    "season": 1,
    "name": "Marijn"
  }
},
{
  "model": "quiz.candidate",
  "pk": 15,
  "fields": {
    "season": 1,
    "name": "Renske"
  }
},
{
  "model": "quiz.candidate",
  "pk": 16,
  "fields": {
    "season": 1,
    "name": "Philine"
  }
},
{
  "model": "quiz.quiz",
  "pk": 1,
  "fields": {
    "name": "Test 1",
    "season": 1
  }
},
{
  "model": "quiz.quiz",
  "pk": 2,
  "fields": {
    "name": "Test 2",
    "season": 1
  }
},
{
  "model": "quiz.season",
  "pk": 1,
  "fields": {
    "name": "Krtek",
    "active_quiz": 1,
    "season_code": "12345",
    "preregister_candidates": true,
    "owner": []
  }
}
]
