[
{
  "model": "quiz.answer",
  "pk": 1,
  "fields": {
    "text": "Man",
    "question": 1,
    "is_right_answer": false,
    "_order": 0,
    "candidates": []
  }
},
{
  "model": "quiz.answer",
  "pk": 2,
  "fields": {
    "text": "Vrouw",
    "question": 1,
    "is_right_answer": true,
    "_order": 1,
    "candidates": []
  }
},
{
  "model": "quiz.answer",
  "pk": 3,
  "fields": {
    "text": "Geen",
    "question": 2,
    "is_right_answer": true,
    "_order": 0,
    "candidates": []
  }
},
{
  "model": "quiz.answer",
  "pk": 4,
  "fields": {
    "text": "1",
    "question": 2,
    "is_right_answer": false,
    "_order": 1,
    "candidates": []
  }
},
{
  "model": "quiz.answer",
  "pk": 5,
  "fields": {
    "text": "2",
    "question": 2,
    "is_right_answer": false,
    "_order": 2,
    "candidates": []
  }
},
{
  "model": "quiz.answer",
  "pk": 6,
  "fields": {
    "text": "Geen",
    "question": 3,
    "is_right_answer": false,
    "_order": 0,
    "candidates": []
  }
},
{
  "model": "quiz.answer",
  "pk": 7,
  "fields": {
    "text": "Diens eigen verjaardag",
    "question": 3,
    "is_right_answer": false,
    "_order": 1,
    "candidates": []
  }
},
{
  "model": "quiz.answer",
  "pk": 8,
  "fields": {
    "text": "Koningsdag",
    "question": 3,
    "is_right_answer": false,
    "_order": 2,
    "candidates": []
  }
},
{
  "model": "quiz.answer",
  "pk": 9,
  "fields": {
    "text": "Kerst",
    "question": 3,
    "is_right_answer": true,
    "_order": 3,
    "candidates": []
  }
},
{
  "model": "quiz.answer",
  "pk": 10,
  "fields": {
    "text": "Oud en nieuw",
    "question": 3,
    "is_right_answer": false,
    "_order": 4,
    "candidates": []
  }
},
{
  "model": "quiz.answer",
  "pk": 11,
  "fields": {
    "text": "Met de auto",
    "question": 4,
    "is_right_answer": false,
    "_order": 0,
    "candidates": []
  }
},
{
  "model": "quiz.answer",
  "pk": 12,
  "fields": {
    "text": "Met het OV",
    "question": 4,
    "is_right_answer": true,
    "_order": 1,
    "candidates": []
  }
},
{
  "model": "quiz.answer",
  "pk": 13,
  "fields": {
    "text": "Claudia",
    "question": 5,
    "is_right_answer": false,
    "_order": 0,
    "candidates": []
  }
},
{
  "model": "quiz.answer",
  "pk": 14,
  "fields": {
    "text": "Eelco",
    "question": 5,
    "is_right_answer": false,
    "_order": 1,
    "candidates": []
  }
},
{
  "model": "quiz.answer",
  "pk": 15,
  "fields": {
    "text": "Elise",
    "question": 5,
    "is_right_answer": false,
    "_order": 2,
    "candidates": []
  }
},
{
  "model": "quiz.answer",
  "pk": 16,
  "fields": {
    "text": "Gert-Jan",
    "question": 5,
    "is_right_answer": false,
    "_order": 3,
    "candidates": []
  }
},
{
  "model": "quiz.answer",
  "pk": 17,
  "fields": {
    "text": "Iris",
    "question": 5,
    "is_right_answer": false,
    "_order": 4,
    "candidates": []
  }
},
{
  "model": "quiz.answer",
  "pk": 18,
  "fields": {
    "text": "Jari",
    "question": 5,
    "is_right_answer": false,
    "_order": 5,
    "candidates": []
  }
},
{
  "model": "quiz.answer",
  "pk": 19,
  "fields": {
    "text": "Laura",
    "question": 5,
    "is_right_answer": false,
    "_order": 6,
    "candidates": []
  }
},
{
  "model": "quiz.answer",
  "pk": 20,
  "fields": {
    "text": "Lotte",
    "question": 5,
    "is_right_answer": false,
    "_order": 7,
    "candidates": []
  }
},
{
  "model": "quiz.answer",
  "pk": 21,
  "fields": {
    "text": "Myrthe",
    "question": 5,
    "is_right_answer": false,
    "_order": 8,
    "candidates": []
  }
},
{
  "model": "quiz.answer",
  "pk": 22,
  "fields": {
    "text": "Remy",
    "question": 5,
    "is_right_answer": false,
    "_order": 9,
    "candidates": []
  }
},
{
  "model": "quiz.answer",
  "pk": 23,
  "fields": {
    "text": "Robbert",
    "question": 5,
    "is_right_answer": false,
    "_order": 10,
    "candidates": []
  }
},
{
  "model": "quiz.answer",
  "pk": 24,
  "fields": {
    "text": "Tom",
    "question": 5,
    "is_right_answer": true,
    "_order": 11,
    "candidates": []
  }
},
{
  "model": "quiz.answer",
  "pk": 25,
  "fields": {
    "text": "Geef je vader een knuffel.",
    "question": 6,
    "is_right_answer": false,
    "_order": 0,
    "candidates": []
  }
},
{
  "model": "quiz.answer",
  "pk": 26,
  "fields": {
    "text": "Trek je wat minder aan van anderen.",
    "question": 6,
    "is_right_answer": false,
    "_order": 1,
    "candidates": []
  }
},
{
  "model": "quiz.answer",
  "pk": 27,
  "fields": {
    "text": "Luister meer naar je eigen gevoel in plaats van naar wat anderen",
    "question": 6,
    "is_right_answer": false,
    "_order": 2,
    "candidates": []
  }
},
{
  "model": "quiz.answer",
  "pk": 28,
  "fields": {
    "text": "Stel niet alles tot het laatste moment uit.",
    "question": 6,
    "is_right_answer": false,
    "_order": 3,
    "candidates": []
  }
},
{
  "model": "quiz.answer",
  "pk": 29,
  "fields": {
    "text": "Altijd doorgaan.",
    "question": 6,
    "is_right_answer": false,
    "_order": 4,
    "candidates": []
  }
},
{
  "model": "quiz.answer",
  "pk": 30,
  "fields": {
    "text": "Probeer ook eens buiten de lijntjes te kleuren",
    "question": 6,
    "is_right_answer": true,
    "_order": 5,
    "candidates": []
  }
},
{
  "model": "quiz.answer",
  "pk": 31,
  "fields": {
    "text": "Ga als je groot bent op groepsreis!",
    "question": 6,
    "is_right_answer": false,
    "_order": 6,
    "candidates": []
  }
},
{
  "model": "quiz.answer",
  "pk": 32,
  "fields": {
    "text": "Trek minder aan van de mening van anderen, het is oké om anders",
    "question": 6,
    "is_right_answer": false,
    "_order": 7,
    "candidates": []
  }
},
{
  "model": "quiz.answer",
  "pk": 33,
  "fields": {
    "text": "Sneakers",
    "question": 7,
    "is_right_answer": false,
    "_order": 0,
    "candidates": []
  }
},
{
  "model": "quiz.answer",
  "pk": 34,
  "fields": {
    "text": "Wandel-/bergschoenen",
    "question": 7,
    "is_right_answer": true,
    "_order": 1,
    "candidates": []
  }
},
{
  "model": "quiz.answer",
  "pk": 35,
  "fields": {
    "text": "Lederen schoenen",
    "question": 7,
    "is_right_answer": false,
    "_order": 2,
    "candidates": []
  }
},
{
  "model": "quiz.answer",
  "pk": 36,
  "fields": {
    "text": "Pantoffels",
    "question": 7,
    "is_right_answer": false,
    "_order": 3,
    "candidates": []
  }
},
{
  "model": "quiz.answer",
  "pk": 37,
  "fields": {
    "text": "Hakken",
    "question": 7,
    "is_right_answer": false,
    "_order": 4,
    "candidates": []
  }
},
{
  "model": "quiz.answer",
  "pk": 38,
  "fields": {
    "text": "Geen schoenen, alleen sokken",
    "question": 7,
    "is_right_answer": false,
    "_order": 5,
    "candidates": []
  }
},
{
  "model": "quiz.answer",
  "pk": 39,
  "fields": {
    "text": "Fiets",
    "question": 8,
    "is_right_answer": true,
    "_order": 0,
    "candidates": []
  }
},
{
  "model": "quiz.answer",
  "pk": 40,
  "fields": {
    "text": "Auto",
    "question": 8,
    "is_right_answer": false,
    "_order": 1,
    "candidates": []
  }
},
{
  "model": "quiz.answer",
  "pk": 41,
  "fields": {
    "text": "Trein",
    "question": 8,
    "is_right_answer": false,
    "_order": 2,
    "candidates": []
  }
},
{
  "model": "quiz.answer",
  "pk": 42,
  "fields": {
    "text": "Ja",
    "question": 9,
    "is_right_answer": false,
    "_order": 0,
    "candidates": []
  }
},
{
  "model": "quiz.answer",
  "pk": 43,
  "fields": {
    "text": "Nee",
    "question": 9,
    "is_right_answer": true,
    "_order": 1,
    "candidates": []
  }
},
{
  "model": "quiz.answer",
  "pk": 44,
  "fields": {
    "text": "Karen",
    "question": 10,
    "is_right_answer": false,
    "_order": 0,
    "candidates": []
  }
},
{
  "model": "quiz.answer",
  "pk": 45,
  "fields": {
    "text": "Gilles de Coster",
    "question": 10,
    "is_right_answer": false,
    "_order": 1,
    "candidates": []
  }
},
{
  "model": "quiz.answer",
  "pk": 46,
  "fields": {
    "text": "Kees Tol",
    "question": 10,
    "is_right_answer": false,
    "_order": 2,
    "candidates": []
  }
},
{
  "model": "quiz.answer",
  "pk": 47,
  "fields": {
    "text": "Harry en John",
    "question": 10,
    "is_right_answer": false,
    "_order": 3,
    "candidates": []
  }
},
{
  "model": "quiz.answer",
  "pk": 48,
  "fields": {
    "text": "Georgina Verbaan",
    "question": 10,
    "is_right_answer": false,
    "_order": 4,
    "candidates": []
  }
},
{
  "model": "quiz.answer",
  "pk": 49,
  "fields": {
    "text": "Marc-Marie Huijbregts",
    "question": 10,
    "is_right_answer": false,
    "_order": 5,
    "candidates": []
  }
},
{
  "model": "quiz.answer",
  "pk": 50,
  "fields": {
    "text": "Fresia Cousiño Arias, Rik van de Westelaken",
    "question": 10,
    "is_right_answer": false,
    "_order": 6,
    "candidates": []
  }
},
{
  "model": "quiz.answer",
  "pk": 51,
  "fields": {
    "text": "Ellie Lust",
    "question": 10,
    "is_right_answer": false,
    "_order": 7,
    "candidates": []
  }
},
{
  "model": "quiz.answer",
  "pk": 52,
  "fields": {
    "text": "Bouba",
    "question": 10,
    "is_right_answer": false,
    "_order": 8,
    "candidates": []
  }
},
{
  "model": "quiz.answer",
  "pk": 53,
  "fields": {
    "text": "Jan Versteegh",
    "question": 10,
    "is_right_answer": false,
    "_order": 9,
    "candidates": []
  }
},
{
  "model": "quiz.answer",
  "pk": 54,
  "fields": {
    "text": "Dick Jol",
    "question": 10,
    "is_right_answer": false,
    "_order": 10,
    "candidates": []
  }
},
{
  "model": "quiz.answer",
  "pk": 55,
  "fields": {
    "text": "Karin de Groot",
    "question": 10,
    "is_right_answer": false,
    "_order": 11,
    "candidates": []
  }
},
{
  "model": "quiz.answer",
  "pk": 56,
  "fields": {
    "text": "Pieter",
    "question": 10,
    "is_right_answer": false,
    "_order": 12,
    "candidates": []
  }
},
{
  "model": "quiz.answer",
  "pk": 57,
  "fields": {
    "text": "Renée Fokker",
    "question": 10,
    "is_right_answer": false,
    "_order": 13,
    "candidates": []
  }
},
{
  "model": "quiz.answer",
  "pk": 58,
  "fields": {
    "text": "Sam, Davy",
    "question": 10,
    "is_right_answer": true,
    "_order": 14,
    "candidates": []
  }
},
{
  "model": "quiz.answer",
  "pk": 59,
  "fields": {
    "text": "Ja",
    "question": 11,
    "is_right_answer": false,
    "_order": 0,
    "candidates": []
  }
},
{
  "model": "quiz.answer",
  "pk": 60,
  "fields": {
    "text": "Nee",
    "question": 11,
    "is_right_answer": true,
    "_order": 1,
    "candidates": []
  }
},
{
  "model": "quiz.answer",
  "pk": 61,
  "fields": {
    "text": "Éénpersoons, losstaand bed",
    "question": 12,
    "is_right_answer": false,
    "_order": 0,
    "candidates": []
  }
},
{
  "model": "quiz.answer",
  "pk": 62,
  "fields": {
    "text": "Éénpersoonsbed, tegen een ander bed aan",
    "question": 12,
    "is_right_answer": true,
    "_order": 1,
    "candidates": []
  }
},
{
  "model": "quiz.answer",
  "pk": 63,
  "fields": {
    "text": "Tweepersoons bed",
    "question": 12,
    "is_right_answer": false,
    "_order": 2,
    "candidates": []
  }
},
{
  "model": "quiz.answer",
  "pk": 64,
  "fields": {
    "text": "5",
    "question": 13,
    "is_right_answer": false,
    "_order": 0,
    "candidates": []
  }
},
{
  "model": "quiz.answer",
  "pk": 65,
  "fields": {
    "text": "6",
    "question": 13,
    "is_right_answer": true,
    "_order": 1,
    "candidates": []
  }
},
{
  "model": "quiz.answer",
  "pk": 66,
  "fields": {
    "text": "7",
    "question": 13,
    "is_right_answer": false,
    "_order": 2,
    "candidates": []
  }
},
{
  "model": "quiz.answer",
  "pk": 67,
  "fields": {
    "text": "8",
    "question": 13,
    "is_right_answer": false,
    "_order": 3,
    "candidates": []
  }
},
{
  "model": "quiz.answer",
  "pk": 68,
  "fields": {
    "text": "Met de rug naar de accommodatie",
    "question": 14,
    "is_right_answer": false,
    "_order": 0,
    "candidates": []
  }
},
{
  "model": "quiz.answer",
  "pk": 69,
  "fields": {
    "text": "Met de rug naar de buitenmuur",
    "question": 14,
    "is_right_answer": true,
    "_order": 1,
    "candidates": []
  }
},
{
  "model": "quiz.answer",
  "pk": 70,
  "fields": {
    "text": "Claudia",
    "question": 15,
    "is_right_answer": true,
    "_order": 0,
    "candidates": []
  }
},
{
  "model": "quiz.answer",
  "pk": 71,
  "fields": {
    "text": "Eelco",
    "question": 15,
    "is_right_answer": false,
    "_order": 1,
    "candidates": []
  }
},
{
  "model": "quiz.answer",
  "pk": 72,
  "fields": {
    "text": "Elise",
    "question": 15,
    "is_right_answer": false,
    "_order": 2,
    "candidates": []
  }
},
{
  "model": "quiz.answer",
  "pk": 73,
  "fields": {
    "text": "Gert-Jan",
    "question": 15,
    "is_right_answer": false,
    "_order": 3,
    "candidates": []
  }
},
{
  "model": "quiz.answer",
  "pk": 74,
  "fields": {
    "text": "Iris",
    "question": 15,
    "is_right_answer": false,
    "_order": 4,
    "candidates": []
  }
},
{
  "model": "quiz.answer",
  "pk": 75,
  "fields": {
    "text": "Jari",
    "question": 15,
    "is_right_answer": false,
    "_order": 5,
    "candidates": []
  }
},
{
  "model": "quiz.answer",
  "pk": 76,
  "fields": {
    "text": "Lara",
    "question": 15,
    "is_right_answer": false,
    "_order": 6,
    "candidates": []
  }
},
{
  "model": "quiz.answer",
  "pk": 77,
  "fields": {
    "text": "Lotte",
    "question": 15,
    "is_right_answer": false,
    "_order": 7,
    "candidates": []
  }
},
{
  "model": "quiz.answer",
  "pk": 78,
  "fields": {
    "text": "Myrthe",
    "question": 15,
    "is_right_answer": false,
    "_order": 8,
    "candidates": []
  }
},
{
  "model": "quiz.answer",
  "pk": 79,
  "fields": {
    "text": "Remy",
    "question": 15,
    "is_right_answer": false,
    "_order": 9,
    "candidates": []
  }
},
{
  "model": "quiz.answer",
  "pk": 80,
  "fields": {
    "text": "Robbert",
    "question": 15,
    "is_right_answer": false,
    "_order": 10,
    "candidates": []
  }
},
{
  "model": "quiz.answer",
  "pk": 81,
  "fields": {
    "text": "Tom",
    "question": 15,
    "is_right_answer": false,
    "_order": 11,
    "candidates": []
  }
},
{
  "model": "quiz.question",
  "pk": 1,
  "fields": {
    "question": "Is de Krtek een man of een vrouw",
    "quiz": 1,
    "enabled": true,
    "_order": 0
  }
},
{
  "model": "quiz.question",
  "pk": 2,
  "fields": {
    "question": "Hoeveel broers heeft de Krtek?",
    "quiz": 1,
    "enabled": true,
    "_order": 1
  }
},
{
  "model": "quiz.question",
  "pk": 3,
  "fields": {
    "question": "Wat is de lievelingsfeestdag van de Krtek?",
    "quiz": 1,
    "enabled": true,
    "_order": 2
  }
},
{
  "model": "quiz.question",
  "pk": 4,
  "fields": {
    "question": "Hoe kwam de Krtek naar Kesteren vandaag?",
    "quiz": 1,
    "enabled": true,
    "_order": 3
  }
},
{
  "model": "quiz.question",
  "pk": 5,
  "fields": {
    "question": "Met wie keek de Krtek de video bij binnenkomst?",
    "quiz": 1,
    "enabled": true,
    "_order": 4
  }
},
{
  "model": "quiz.question",
  "pk": 6,
  "fields": {
    "question": "Welk advies zou de Krtek zichzelf als kind geven?",
    "quiz": 1,
    "enabled": true,
    "_order": 5
  }
},
{
  "model": "quiz.question",
  "pk": 7,
  "fields": {
    "question": "Wat voor soort schoenen droeg de Krtek bij het diner?",
    "quiz": 1,
    "enabled": true,
    "_order": 6
  }
},
{
  "model": "quiz.question",
  "pk": 8,
  "fields": {
    "question": "Met welk vervoersmiddel reist de Krtek het liefste?",
    "quiz": 1,
    "enabled": true,
    "_order": 7
  }
},
{
  "model": "quiz.question",
  "pk": 9,
  "fields": {
    "question": "Heeft de Krtek een eigen auto?",
    "quiz": 1,
    "enabled": true,
    "_order": 8
  }
},
{
  "model": "quiz.question",
  "pk": 10,
  "fields": {
    "question": "Van wie is de quote die de Krtek gepakt heeft",
    "quiz": 1,
    "enabled": true,
    "_order": 9
  }
},
{
  "model": "quiz.question",
  "pk": 11,
  "fields": {
    "question": "Zou de Krtek molboekjes, jokers, vrijstellingen of topito’s uit iemands rugzak stelen om te kunnen winnen?",
    "quiz": 1,
    "enabled": true,
    "_order": 10
  }
},
{
  "model": "quiz.question",
  "pk": 12,
  "fields": {
    "question": "In wat voor bed slaapt de Krtek dit weekend?",
    "quiz": 1,
    "enabled": true,
    "_order": 11
  }
},
{
  "model": "quiz.question",
  "pk": 13,
  "fields": {
    "question": "Hoeveel jaar heeft de Krtek gedaan over de middelbare school?",
    "quiz": 1,
    "enabled": true,
    "_order": 12
  }
},
{
  "model": "quiz.question",
  "pk": 14,
  "fields": {
    "question": "Waar zat de Krtek aan tafel bij het diner?",
    "quiz": 1,
    "enabled": true,
    "_order": 13
  }
},
{
  "model": "quiz.question",
  "pk": 15,
  "fields": {
    "question": "Wie is de Krtek",
    "quiz": 1,
    "enabled": true,
    "_order": 14
  }
},
{
  "model": "quiz.candidate",
  "pk": 1,
  "fields": {
    "season": 1,
    "name": "Claudia"
  }
},
{
  "model": "quiz.candidate",
  "pk": 2,
  "fields": {
    "season": 1,
    "name": "Eelco"
  }
},
{
  "model": "quiz.candidate",
  "pk": 3,
  "fields": {
    "season": 1,
    "name": "Elise"
  }
},
{
  "model": "quiz.candidate",
  "pk": 4,
  "fields": {
    "season": 1,
    "name": "Gert-Jan"
  }
},
{
  "model": "quiz.candidate",
  "pk": 5,
  "fields": {
    "season": 1,
    "name": "Iris"
  }
},
{
  "model": "quiz.candidate",
  "pk": 6,
  "fields": {
    "season": 1,
    "name": "Jari"
  }
},
{
  "model": "quiz.candidate",
  "pk": 7,
  "fields": {
    "season": 1,
    "name": "Lara"
  }
},
{
  "model": "quiz.candidate",
  "pk": 8,
  "fields": {
    "season": 1,
    "name": "Lotte"
  }
},
{
  "model": "quiz.candidate",
  "pk": 9,
  "fields": {
    "season": 1,
    "name": "Myrthe"
  }
},
{
  "model": "quiz.candidate",
  "pk": 10,
  "fields": {
    "season": 1,
    "name": "Remy"
  }
},
{
  "model": "quiz.candidate",
  "pk": 11,
  "fields": {
    "season": 1,
    "name": "Robbert"
  }
},
{
  "model": "quiz.candidate",
  "pk": 12,
  "fields": {
    "season": 1,
    "name": "Tom"
  }
},
{
  "model": "quiz.quiz",
  "pk": 1,
  "fields": {
    "name": "Test 1",
    "season": 1
  }
},
{
  "model": "quiz.season",
  "pk": 1,
  "fields": {
    "name": "Krtek",
    "active_quiz": 1,
    "season_code": "12345",
    "preregister_candidates": true
  }
}
]
